_id,email,name,password
59b99db4cfa9a34dcd7885b6,sean_bean@gameofthron.es,Ned Stark,$2b$12$UREFwsRUoyF0CRqGNK0LzO0HM/jLhgUCNNIJ9RJAqMUQ74crlJ1Vu
59b99db4cfa9a34dcd7885b7,mark_addy@gameofthron.es,Robert Baratheon,$2b$12$yGqxLG9LZpXA2xVDhuPnSOZd.VURVkz7wgOLY3pnO0s7u2S1ZO32y
59b99db5cfa9a34dcd7885b8,nikolaj_coster-waldau@gameofthron.es,Jaime Lannister,$2b$12$6vz7wiwO.EI5Rilvq1zUc./9480gb1uPtXcahDxIadgyC3PS8XCUK
59b99db5cfa9a34dcd7885b9,michelle_fairley@gameofthron.es,Catelyn Stark,$2b$12$fiaTH5Sh1zKNFX2i/FTEreWGjxoJxvmV7XL.qlfqCr8CwOxK.mZWS
59b99db6cfa9a34dcd7885ba,lena_headey@gameofthron.es,Cersei Lannister,$2b$12$FExjgr7CLhNCa.oUsB9seub8mqcHzkJCFZ8heMc8CeIKOZfeTKP8m
59b99db6cfa9a34dcd7885bb,emilia_clarke@gameofthron.es,Daenerys Targaryen,$2b$12$NzpbWHdMytemLtTfFKduHenr2NZ.rvxIKuYM4AWLTFaUShxbJ.G3q
59b99db6cfa9a34dcd7885bc,iain_glen@gameofthron.es,Jorah Mormont,$2b$12$K8bKkwnpkrjsBPzASZxO/.yj7d9kvupiVtO6JA3Xl106AKXr3pXFK
59b99db7cfa9a34dcd7885bd,aidan_gillen@gameofthron.es,Petyr Baelish,$2b$12$qM.YvmiekyYYY7p7phpK3OicbRCDkN7ESwYAnG/o9YnfHC0Mhkmbi
59b99db8cfa9a34dcd7885be,harry_lloyd@gameofthron.es,Viserys Targaryen,$2b$12$cpwVmU4DyuQxgwpdrVJhaudzbKOXlHRbf.tpCuHjpAqonuoyvvEG6
59b99db9cfa9a34dcd7885bf,kit_harington@gameofthron.es,Jon Snow,$2b$12$fDEu1Ru66tLWAVidMN.b0.929BlfnyqdGuhWMyzfOAf/ATYOyLoY6
59b99db9cfa9a34dcd7885c0,sophie_turner@gameofthron.es,Sansa Stark,$2b$12$nCIVE81..AtAoysPZkl19.G5V0EdIwwsZh1f18lxWEr3dlpG/Uusi
59b99dbacfa9a34dcd7885c1,maisie_williams@gameofthron.es,Arya Stark,$2b$12$19h3KjeTg3/sPNFHztdb6eGWKrCxIwlVXVSh9POSi5PS9kSlguZEq
59b99dbacfa9a34dcd7885c2,richard_madden@gameofthron.es,Robb Stark,$2b$12$XPLvWQW7tjWc/PX9jMVRnO8w.lR6hv144ee8pc8nDsWIAWxfwxHzy
59b99dbbcfa9a34dcd7885c3,alfie_allen@gameofthron.es,Theon Greyjoy,$2b$12$x574mziridS3mEQVTbKbY.lK.ngIDyZJnTw17G7Gk6n4lnWVSrWL.
59b99dbbcfa9a34dcd7885c4,isaac_hempstead_wright@gameofthron.es,Bran Stark,$2b$12$Z7/ztVm8eWMDwTg.doS.UO7JbsbA9IbLomND1VxIZEdAN3keW6csS
59b99dbbcfa9a34dcd7885c5,jack_gleeson@gameofthron.es,Joffrey Baratheon,$2b$12$fIYLjRg5tZcTcqy30.MJLO4JRblLhsIhFwYTgUpFBbvnf9S4ONbtW
59b99dbccfa9a34dcd7885c6,rory_mccann@gameofthron.es,Sandor Clegane,$2b$12$DKIKOBMbN76vskkRyJ1AjuELigfnx.SeG8vu73k24kfMcO637bSqa
59b99dbdcfa9a34dcd7885c7,peter_dinklage@gameofthron.es,Tyrion Lannister,$2b$12$xtHwQNXYlQzP2REobUDlzuQimjzBlXrTx1GnwP.xkfULeuuUpRxa2
59b99dbdcfa9a34dcd7885c8,jason_momoa@gameofthron.es,Khal Drogo,$2b$12$7tgpVkBxUqQiYFkHjZyoMuEzFU5BSI.FYkOXHu4zCRlRsa15sHQo6
59b99dbecfa9a34dcd7885c9,liam_cunningham@gameofthron.es,Davos Seaworth,$2b$12$jbgNoWG97LHNIm4axwXDz.tkFITsmw/aylIY/lZDaJRgnHZjB029e
59b99dbecfa9a34dcd7885ca,john_bradley-west@gameofthron.es,Samwell Tarly,$2b$12$ZcZj9wKjlT/dCCrmupiZZ..JA3c9HoufxRygL1DkY9hsClT0iyflG
59b99dbecfa9a34dcd7885cb,natalie_dormer@gameofthron.es,Margaery Tyrell,$2b$12$AjC.876rd2dgsSIu.5c4qembdVfdDajMIgueMYuOBoskJUGHzpw46
59b99dbfcfa9a34dcd7885cc,stephen_dillane@gameofthron.es,Stannis Baratheon,$2b$12$vbPwOM9QkSOsOXRgLSZiqe9JPJtBX1JUwm06d3lYVViKxrYCIyhEm
59b99dbfcfa9a34dcd7885cd,carice_van_houten@gameofthron.es,Melisandre,$2b$12$ZdSvCDMwVLFgJGDOsDbFLOD/utICnkbJV0OVJJ8lUHqSK3VbuqKuS
59b99dbfcfa9a34dcd7885ce,james_cosmo@gameofthron.es,Jeor Mormont,$2b$12$tz5dSvAjtduFuuXFQwMH2OJwb3QKr9/gR5uefaQ3gHJojhLaKxdNK
59b99dc0cfa9a34dcd7885cf,jerome_flynn@gameofthron.es,Bronn,$2b$12$9rzMIF3lv7kASdTdam2eOOjWrDSN.qi2hpY5tyOfDPe545XfrQHpu
59b99dc0cfa9a34dcd7885d0,conleth_hill@gameofthron.es,Varys,$2b$12$mV9NHXHLISu3fDdd6jtU2.6DstBgnC6iWQQR.1h/MsDZp3ftTUBSq
59b99dc0cfa9a34dcd7885d1,sibel_kekilli@gameofthron.es,Shae,$2b$12$FyKikoJynO1kGJ6cTuXaKeKRWauwI5TNlTYiNBgPnizN6XoGB8qpi
59b99dc2cfa9a34dcd7885d2,charles_dance@gameofthron.es,Tywin Lannister,$2b$12$/i04T5yEJvmsBhF0Jd.kJOk3ZhRzezbTU7ASEM5o43Xxsa4o6IgEy
59b99dc2cfa9a34dcd7885d3,rose_leslie@gameofthron.es,Ygritte,$2b$12$knwl2v71.oOhFA1W.Yenle8kil56LqhWCOvM7/JVy8E5YrOoZisUi
59b99dc2cfa9a34dcd7885d4,oona_chaplin@gameofthron.es,Talisa Maegyr,$2b$12$B3DKrkTVNJDlgToXClpcwOJvnKICUsLcrTxNfZIeoqbHIQURsNrXS
59b99dc3cfa9a34dcd7885d5,joe_dempsie@gameofthron.es,Gendry,$2b$12$ctQymjuvXC5dQXYTWX695eJ/0IEXLfXhNiuzad0bL7j8n9YCBq92K
59b99dc3cfa9a34dcd7885d6,kristofer_hivju@gameofthron.es,Tormund Giantsbane,$2b$12$SsfE7EbmV/HH6nii2jJFOe59P91dAV6CqYdGUDOTkNwcPAScUJyVa
59b99dc5cfa9a34dcd7885d7,hannah_murray@gameofthron.es,Gilly,$2b$12$s6/CDf3HFLl3sYNVdOs8sOvdR7HOeQln/ByVQwDGRyTOH5S6qlI7m
59b99dc5cfa9a34dcd7885d8,gwendoline_christie@gameofthron.es,Brienne of Tarth,$2b$12$YjMZPFrj1qS6I/Zy1bxlgOV402ijFcNE.6YVueL5FoWK3eE/QVgKu
59b99dc5cfa9a34dcd7885d9,iwan_rheon@gameofthron.es,Ramsay Bolton,$2b$12$a5CtSXflNAlkWDVmC70vN.06Zds9s3VlnvSVLNM4quXNkF5spOCsa
59b99dc6cfa9a34dcd7885da,indira_varma@gameofthron.es,Ellaria Sand,$2b$12$/sfLmn9AwehR9itBml.p..fKYxUv66om0TallTLMjw2klrmiLwaHy
59b99dc6cfa9a34dcd7885db,michiel_huisman@gameofthron.es,Daario Naharis,$2b$12$22Oqs3Wq.ObJ3Vr68TJKteCSEV1JWIt8jM7/3lf21vOA.jQkdHoBq
59b99dc7cfa9a34dcd7885dc,nathalie_emmanuel@gameofthron.es,Missandei,$2b$12$wMY9mXJCiDZ5dPbgroygBOKjWbuCzv.Snb1sZlp7v41LzyueP/G.S
59b99dc7cfa9a34dcd7885dd,tom_wlaschiha@gameofthron.es,"Jaqen H'ghar",$2b$12$sgxhWIzY6UiWvWFRMslCDusielBdf8tpNHraxHAS3c9QNwcCHdHJq
59b99dc8cfa9a34dcd7885de,dean-charles_chapman@gameofthron.es,Tommen Baratheon,$2b$12$POxM5GGAYJNe2phLqcZJ5.3MXEVhUXTQouqvc3hwCU1ZItYbySQsy
59b99dc9cfa9a34dcd7885df,michael_mcelhatton@gameofthron.es,Roose Bolton,$2b$12$JWXzYGip0vvuT40B23mZB.KKoHocgoW2FshxzmhDstZqR23vEtZpS
59b99dcacfa9a34dcd7885e0,jonathan_pryce@gameofthron.es,The High Sparrow,$2b$12$wWkC3fCEuI5X1WoXJft0hOu2qm95MKVmI996/68kXBRUn0HXHebHC
59b99dcacfa9a34dcd7885e1,julian_glover@gameofthron.es,Grand Maester Pycelle,$2b$12$R2KQQQMmjcrbm5XgGdkFJ.38e0I7KptV479H2p1UJ2t5TTb3OSww6
59b99dcacfa9a34dcd7885e2,ian_beattie@gameofthron.es,Meryn Trant,$2b$12$rB95MlNcAdrflKD1gUdiTOg55dbPUtH6po4kKMHGxQjbU9L4k0LBu
59b99dcbcfa9a34dcd7885e3,kristian_nairn@gameofthron.es,Hodor,$2b$12$hFkSycBpMDENs/sT.5y0feifE5IluHUJmYHqH/lSkcc81/HRzzRSq
59b99dcbcfa9a34dcd7885e4,mark_stanley@gameofthron.es,Grenn,$2b$12$gpgDQ2RBHotU4x/ppd0P9ueseDdLTzFHB.4kjkez/ZNerubyFSy1i
59b99dcccfa9a34dcd7885e5,natalia_tena@gameofthron.es,Osha,$2b$12$NpElja7NerH/Vz.6pN0vV.7PNo1fOvMgFx0O8VOro6idM4Evn7n4G
59b99dcccfa9a34dcd7885e6,art_parkinson@gameofthron.es,Rickon Stark,$2b$12$LKBf/wrMe29RwjUCkm6sq.AfuAXshbX6Evys3twd9vaGEsEm6YBqC
59b99dcdcfa9a34dcd7885e7,esme_bianco@gameofthron.es,Ros,$2b$12$dpUAAVPghWXEu0pg0Kv9rOP9bZexMblG911BJzJD/2HOuMat6ZsOe
59b99dcdcfa9a34dcd7885e8,hafthór_júlíus_björnsson@gameofthron.es,Gregor Clegane,$2b$12$6NQKRPtpvs.3w2VuLBgQv.nYBplKlGVK3GRvLqw1n06wO424E.zq6
59b99dcecfa9a34dcd7885e9,dominic_carter@gameofthron.es,Janos Slynt,$2b$12$ssMaPHBLj9tGpLgRXWSCeODrtccHwVbZvDKckjSg1duBLsBZOco8e
59b99dcecfa9a34dcd7885ea,eugene_simon@gameofthron.es,Lancel Lannister,$2b$12$mNWiHoOqOWQser3s6ezqZeTU5vhskTq.K7xkeTA2P.CIfoWsHvonO
59b99dcecfa9a34dcd7885eb,nell_tiger_free@gameofthron.es,Myrcella Baratheon,$2b$12$boJbPqaRG45hQs7jzcwLWu03lGXG9DHIn3rVHcJQ/NK0PaYokP5eu
59b99dcfcfa9a34dcd7885ec,ron_donachie@gameofthron.es,Rodrik Cassel,$2b$12$dIvO2KpkHkje98eMZg.exuDR.MeOkHlRC9R7PTKj1D66PhX4NaDP6
59b99dcfcfa9a34dcd7885ed,donald_sumpter@gameofthron.es,Maester Luwin,$2b$12$K9m5hh0Lh.NtYqRpxF40NeWTRwOM7nPp4NJL5v/9fZZ/vpIWKN3KO
59b99dcfcfa9a34dcd7885ee,amrita_acharia@gameofthron.es,Irri,$2b$12$mTvd3eFqgflqO74rS95zKOFU3wKRe5alg.iM23AknNnpZ/TdT95eK
59b99dd0cfa9a34dcd7885ef,roxanne_mckee@gameofthron.es,Doreah,$2b$12$3M34QX9A/7jNLn9neSddUeW5oJfcl5OYOqYUL.7L87/ThA8Xbfug6
59b99dd0cfa9a34dcd7885f0,ian_gelder@gameofthron.es,Kevan Lannister,$2b$12$YB/GLht749jn9jxcwOnw4.ZekNoiSzmS8qS.raqFzZPrNbBJAB20O
59b99dd1cfa9a34dcd7885f1,ian_mcelhinney@gameofthron.es,Barristan Selmy,$2b$12$IabcnI3C6lUTfq2Ez5f0bOEsM6Hok6JsPMyTxnVHwZGIEaHtpohsy
59b99dd6cfa9a34dcd7885f2,luke_barnes@gameofthron.es,Rast,$2b$12$wzKOV4fkmI5hfiQLFYpSDePsSBqenWs8CpI1N7OcD1A.3NF98adqy
59b99dd6cfa9a34dcd7885f3,peter_vaughan@gameofthron.es,Maester Aemon,$2b$12$uOefAK8L28vlzZ9lsZV2Q.LplAND.FPwKHPmZ7wgXeO/F0mbVR1b2
59b99dd6cfa9a34dcd7885f4,josef_altin@gameofthron.es,Pypar,$2b$12$GTKOrQ2gHc1o0OE37ub6d.yKxI4o9RU/72kPAbiaUbqkrANKYO34W
59b99dd7cfa9a34dcd7885f5,owen_teale@gameofthron.es,Alliser Thorne,$2b$12$IWJV4xTZ4dyBsvwQQ2FlF.yw3Mfy.XZCOsprt6kaLRtHu9k6ZHbx.
59b99dd7cfa9a34dcd7885f6,brian_fortune@gameofthron.es,Othell Yarwyck,$2b$12$RfLlYF.8Vxj4MXILL2kvIuyuAO8rN3KR6//UL1a6rNIfNgBaASS66
59b99dd8cfa9a34dcd7885f7,finn_jones@gameofthron.es,Loras Tyrell,$2b$12$Eb5TLqYLS74pLP9r.2agNe56ht1dvFkQOCODxku8KQmLfldBGa7Cu
59b99dd8cfa9a34dcd7885f8,ben_hawkey@gameofthron.es,Hot Pie,$2b$12$o99XQuQRvutjESJ8/eqnWe4w8aCYXHFF1cJmZdeKs6acmoPaVlCK.
59b99dd8cfa9a34dcd7885f9,richard_dormer@gameofthron.es,Beric Dondarrion,$2b$12$CHeWRV3bBssK0MR1o4FLcOCmFLaPIPTA0KzKI0aWYDnXCKm98MbJy
59b99dd9cfa9a34dcd7885fa,daniel_portman@gameofthron.es,Podrick Payne,$2b$12$yYDEeKYMkE2zDjP35/RfZONzFZEuv026MnSRAJ5ZPUoBUhvu6ZRN.
59b99dd9cfa9a34dcd7885fb,ben_crompton@gameofthron.es,Eddison Tollett,$2b$12$adD4J5Cnk/aeVdKC3qnD7ufw7S9sTrvWoiSxNkLqZsr0SWjFj91Wq
59b99ddacfa9a34dcd7885fc,gemma_whelan@gameofthron.es,Yara Greyjoy,$2b$12$q4rJ2PG4ZJZ1c9PNJeZU1uHH/ckwCh4P0xfu6lGgHIQ8/ugptuQuK
59b99ddacfa9a34dcd7885fd,tara_fitzgerald@gameofthron.es,Selyse Baratheon,$2b$12$Ri/w5TEI/CsWxvdscYkzhuVzKF0Zy98zgDWO5pmVsXb05jki5PKrG
59b99ddacfa9a34dcd7885fe,jacob_anderson@gameofthron.es,Grey Worm,$2b$12$Kplgm66WrJlrIxV7g.uQj.zSSY3Q/GuznI6i9z5I9abqcszpTGc0O
59b99ddbcfa9a34dcd7885ff,anton_lesser@gameofthron.es,Qyburn,$2b$12$Aogz..TkpBMB5UFfgIRSP.dy7DX9qgOi587FSORqRWqApfbw3x7wy
59b99ddbcfa9a34dcd788600,diana_rigg@gameofthron.es,Olenna Tyrell,$2b$12$8Oh3DVnn8e5NK9nHtX4ZVeprB3O6Zrb8l8KxT2l3rraW11HhxH3di
59b99ddbcfa9a34dcd788601,kerry_ingram@gameofthron.es,Shireen Baratheon,$2b$12$F8VweX6dNiq4Gymmc7LJsu5U1G0d0wxaf/95CVl5w/4..mFfdgqdG
59b99ddbcfa9a34dcd788602,ellie_kendrick@gameofthron.es,Meera Reed,$2b$12$SdyXPBMdGScx6DePpPawFeOqcpiwjdHAuTXaPl0mkvWeLzZk6EWTi
59b99dddcfa9a34dcd788603,thomas_brodie-sangster@gameofthron.es,Jojen Reed,$2b$12$ZAJ8OFWUFNdxhc0xyTd42evQJfL7FnEdk3koHwYtHpDqsrZI61XP.
59b99dddcfa9a34dcd788604,paul_kaye@gameofthron.es,Thoros of Myr,$2b$12$bkA1MM3UEwZ4N0VpCQY68eMY8HKTHWtk2xI2QnG4MuW5UWHlBrF8G
59b99ddecfa9a34dcd788605,"brenock_o'connor@gameofthron.es",Olly,$2b$12$Mp0mG3u/6xuQSe/3/UjO8uHTHUDQUIcV0Iki42vfAqKLaBbYxHjv.
59b99ddecfa9a34dcd788606,roger_ashton-griffiths@gameofthron.es,Mace Tyrell,$2b$12$Z7BRen4BsJqxnBlsRupWou2DlT7CQameOt7V9UlV0vWw3Z2B9sDj6
59b99ddecfa9a34dcd788607,faye_marsay@gameofthron.es,The Waif,$2b$12$JGlWYUPkZ3xryO9h4x4wdOsnbuLdzbSMSCaJENY6LaLfWYIl86xdG
59b99ddfcfa9a34dcd788608,michael_condron@gameofthron.es,Bowen Marsh,$2b$12$G8bl4haz.de9f1ohneIcIus3GCj4nNNP7WiufQy6.aoIh01AVk2Xq
59b99ddfcfa9a34dcd788609,richard_davis@fakegmail.com,Richard Davis,$2b$12$q5/117rbpGoczEDK5LcDjeeOmOnzkVi6h2VIN.1Dbugn6Y5kOo4Ja
59b99ddfcfa9a34dcd78860a,greg_powell@fakegmail.com,Greg Powell,$2b$12$XpveUB6kIiU3zG5aABw26OitIB7cDBbSUWJAz4WDF4XXyNNJ/mp76
59b99de0cfa9a34dcd78860b,sarah_lewis@fakegmail.com,Sarah Lewis,$2b$12$5kCUjcP3lvYSzhouVJTpOeCZ7e7Xke8gDoPPg2Uyz39tNKrp9om1a
59b99de0cfa9a34dcd78860c,ronald_cox@fakegmail.com,Ronald Cox,$2b$12$HhDeE1teAaNqj2Mrfn4f2O57K8z6kVVqtCEr.7Qc5BZR69H6XwRlK
59b99de0cfa9a34dcd78860d,emily_ellis@fakegmail.com,Emily Ellis,$2b$12$UuCb5RqPEgheoLlwOF/Jb.x9gpFVmD30oUwpSRKljwo8pBUmWT6eG
59b99de1cfa9a34dcd78860e,victor_patel@fakegmail.com,Victor Patel,$2b$12$VyWh4xdBtuZrhuR933GY6evfU7.py2dJIP9wuSmeiJ.94iP0EO4Pq
59b99de1cfa9a34dcd78860f,karina_martin@fakegmail.com,Karina Martin,$2b$12$s6XOIsF9p9/p6tZd0nZ1ee5qd6/nc5sL8dd0iES0ZEJySgacjcqD.
59b99de2cfa9a34dcd788610,robert_jordan@fakegmail.com,Robert Jordan,$2b$12$OumeM9/x5dBn5RLd/5QUNu8poyzsVbhJtLs2S02JqCwzubbbBK902
59b99de2cfa9a34dcd788611,javier_smith@fakegmail.com,Javier Smith,$2b$12$ce2znqUW43.BjKQaTS5tiekhqZuCLQHOguozLkVm4P.WM8VlrEhPe
59b99de2cfa9a34dcd788612,amy_phillips@fakegmail.com,Amy Phillips,$2b$12$z.IU36O/1r25xdhI.Gdw1e2dLXSjIgIMNrxginP0/iVIlZcCWiyaK
59b99de3cfa9a34dcd788613,jason_smith@fakegmail.com,Jason Smith,$2b$12$l2JMT18BcA8.R3tUxVDKj.9/jwre8CAccr21PvJ576nJ8Pvegxn0m
59b99de3cfa9a34dcd788614,cameron_duran@fakegmail.com,Cameron Duran,$2b$12$50w2j63ATGmhVOh2rgdjv.wOd9TV0Jb9Xk/Anms0fxVSvGMf5MwvK
59b99de3cfa9a34dcd788615,megan_turner@fakegmail.com,Megan Turner,$2b$12$nR8x.s7PmEQttaF7RS33euSLEZzuu0G2UhSK.PeHJEZEjcK.J3Xq6
59b99de4cfa9a34dcd788616,megan_richards@fakegmail.com,Megan Richards,$2b$12$iDxjjcgBA.Q9zjTlOD4KJuhPJx6gw5GecbDWCbVmfzzv2rqNbC2vC
59b99de4cfa9a34dcd788617,thomas_buckley@fakegmail.com,Thomas Buckley,$2b$12$.zRRXpjiT0uuR13kt85CDesUMJPIEK1mziudzedd7S10YVAd31586
59b99de4cfa9a34dcd788618,lisa_rasmussen@fakegmail.com,Lisa Rasmussen,$2b$12$HHK6sMwGNXZlOHOpFXcHpuS3qS8/XA2202y7ZIlTJ.6y5E6SUl7Yy
59b99de5cfa9a34dcd788619,connie_johnson@fakegmail.com,Connie Johnson,$2b$12$tA3NXW5mHAru7YbIrW6x3.T3OweDVjBwk6wf/ukXBiwxAZXi3R5m2
59b99de5cfa9a34dcd78861a,victor_fleming@fakegmail.com,Victor Fleming,$2b$12$DQSGcwfMllp0HTDNI6QLGeI41zrqprdlEnIXf6RHdpOCMBc37wzV.
59b99de6cfa9a34dcd78861b,brandon_hardy@fakegmail.com,Brandon Hardy,$2b$12$7qxHDP2xlgztpQITlwjlBugE2ned0nRmm22Gu1mK34fZJvh5IE4SO
59b99de6cfa9a34dcd78861c,kathryn_sosa@fakegmail.com,Kathryn Sosa,$2b$12$naMKKiQlGxdNh1WMCa6ws.Yo1nEr5OWBILzMYEDlt.fw.UmOVnMhu
59b99de6cfa9a34dcd78861d,mrs._ariana_nunez@fakegmail.com,Mrs. Ariana Nunez,$2b$12$KN9tlEa1K65zgHHG7zh2KePPpU0/NC1o/WN3RoIOaHBvWEoPq2DMC
59b99de7cfa9a34dcd78861e,yvette_roth@fakegmail.com,Yvette Roth,$2b$12$JmceK9VLl7aY/uF9.ZdLTOuj0y5xR3jjvDZVyFCCPQT/lly5IocIm
59b99de7cfa9a34dcd78861f,kelsey_smith@fakegmail.com,Kelsey Smith,$2b$12$S.moHRDfHWLM.F5IasBPQek/y76l0ejX.a5EnPQMbtpECI3tWXS/y
59b99de7cfa9a34dcd788620,keith_phillips@fakegmail.com,Keith Phillips,$2b$12$oXW3cr3lIY37/Ps3uSZBj.rFQoFjZAuFvtHNyxHyocIIlI9lT93MO
59b99de7cfa9a34dcd788621,morgan_smith@fakegmail.com,Morgan Smith,$2b$12$vm836TjgawCzAglcRq/GWOPJpAOT9W.w0tEAGqoIvDxMRn.rfZCQK
59b99de8cfa9a34dcd788622,anthony_thompson@fakegmail.com,Anthony Thompson,$2b$12$Ki.7nartO8MscZ53cV5jEuLa83JD8OKd6sgCqxird98ijmWRTRcrC
59b99de8cfa9a34dcd788623,joshua_kent@fakegmail.com,Joshua Kent,$2b$12$xSofV4dlicgiRA9yRtB9BescTvQFusNdde7/yz6AQ8lRKKMTdhRLW
59b99deacfa9a34dcd788624,brenda_martin@fakegmail.com,Brenda Martin,$2b$12$H.QWgwnd5SwchVniifWfS.BmBefv6FhBBKqjcDlI20ZdqgFvIy3F2
59b99deacfa9a34dcd788625,garrett_obrien@fakegmail.com,Garrett Obrien,$2b$12$ElY14tB9rHL3L4yhrY7gcOGr0u0eFZ5Eb6IoG3eH15sqAeAqbco/a
59b99deacfa9a34dcd788626,lori_franklin@fakegmail.com,Lori Franklin,$2b$12$h25/G5rXZejwsAhn7rvYIuuLzwnayZcf4yX0CV02gDh0dA14UyVsy
59b99debcfa9a34dcd788627,kenneth_chandler@fakegmail.com,Kenneth Chandler,$2b$12$Bo8ObYfsGdSsJrcdf/bat.NFhp4ITDrsyZvYlTmZWh.zrReVKVH4u
59b99debcfa9a34dcd788628,daniel_simmons@fakegmail.com,Daniel Simmons,$2b$12$o2vaieyGbqZ5a.BhIB3e9.cZ1dEO3Ob/3gc1Ef1/QX4cI9vnMraUC
59b99debcfa9a34dcd788629,paula_sullivan@fakegmail.com,Paula Sullivan,$2b$12$6eM.dlL7Wi84eYUkwzkU.erG/JqAvwOKSGn5V1bG6HLfIFrpTYaXi
59b99deccfa9a34dcd78862a,richard_schmidt@fakegmail.com,Richard Schmidt,$2b$12$3odZLmzPAoFZc/S3mVRCWOimTOx.RGTY1CP/jJBsW42F0zfbwOXQK
59b99deccfa9a34dcd78862b,anthony_smith@fakegmail.com,Anthony Smith,$2b$12$OLhPk6TMdQ9rY/LIMjsaa.Pfb6IlCQgZK2BCx37lYqotgy9tHo3F6
59b99dedcfa9a34dcd78862c,michael_day@fakegmail.com,Michael Day,$2b$12$1BdlPh4Imkw8kn7aCgEWsOCt1DED7cFTMlVOf62k6lGxEvQEe1L56
59b99dedcfa9a34dcd78862d,mercedes_tyler@fakegmail.com,Mercedes Tyler,$2b$12$ONDwIwR9NKF1Tp5GjGI12e8OFMxPELoFrk4x4Q3riJGWY6jl/UZAa
59b99dedcfa9a34dcd78862e,kristen_schmidt@fakegmail.com,Kristen Schmidt,$2b$12$lUexqpKoc6RNXLAHGPZ50OLWr3oKfrJW9Vg.q6s7DrCs5X0blJYtW
59b99deecfa9a34dcd78862f,justin_williams@fakegmail.com,Justin Williams,$2b$12$5GAeUijkM4g3s5yBZniXxOYlA13vLLt.CPkXLCs3jlfsYJrgJ37fy
59b99deecfa9a34dcd788630,john_roman@fakegmail.com,John Roman,$2b$12$UW2RqzQlgLcPNLn3gxY16uMhqso5GgeAzYfAQVY2yplhacxZ.daSy
59b99defcfa9a34dcd788631,april_cole@fakegmail.com,April Cole,$2b$12$DhQx.0ywiZK7v4UrN6YeXuS06U2JHNM2owUHxbL8aXlobGT7E65Ke
59b99defcfa9a34dcd788632,kimberly_gates@fakegmail.com,Kimberly Gates,$2b$12$fE/FzdNHaDJS2nW5jPziHe0lgKcVqPEF6B2X7vCx35RgvEVp2DS7y
59b99defcfa9a34dcd788633,denise_davidson@fakegmail.com,Denise Davidson,$2b$12$kjWPMnQwGlwe7NGI0NdE9uq3KGvJ8jA0bJILkEUXFE9tzPVjwzJ1a
59b99df0cfa9a34dcd788634,michael_moore@fakegmail.com,Michael Moore,$2b$12$9rCFOeptsZ6eFBzoprKRFOKS.NQteHtfWurzBkndHNt9DLVdAZGsW
59b99df0cfa9a34dcd788635,lisa_silva@fakegmail.com,Lisa Silva,$2b$12$K8ZpLpGQUUFev/fxmJSlueIdVJ3.7CNYRNERCRae5B1auB7SLBTu2
59b99df0cfa9a34dcd788636,andrea_le@fakegmail.com,Andrea Le,$2b$12$JS87HWuL2y0P1E6kYrcbKOKx22.wsKEdLtS0F734/vKdhuduLM8Ve
59b99df1cfa9a34dcd788637,edward_barrett@fakegmail.com,Edward Barrett,$2b$12$Jzx8f0IiHYFcdU/PEceFJeS1HjC43HTL2aBhKQt8uUM2zfJf3p7Ki
59b99df1cfa9a34dcd788638,christian_williams@fakegmail.com,Christian Williams,$2b$12$D2/B/KGdHRduXiT0/OX5Yu0YMfubTWOOaCjuOyQrDUMvq2Eju10ny
59b99df2cfa9a34dcd788639,jason_hernandez@fakegmail.com,Jason Hernandez,$2b$12$fmvh3F8TRhntCXSCTb/oG.MJlZmXwStdf/UfCSFnSxSsbJb0Bsmwi
59b99df2cfa9a34dcd78863a,patricia_good@fakegmail.com,Patricia Good,$2b$12$t9xIBFolWLphJBO9VCpV4uoZDx/TOhg7N436kBe72hgDMxsGvQr3m
59b99df2cfa9a34dcd78863b,barbara_gonzalez@fakegmail.com,Barbara Gonzalez,$2b$12$qxLcDfjy7RdjfJbrFRHntu0kzVnXzJKED0on8TZ84dLlSCKKkaJt2
59b99df3cfa9a34dcd78863c,denise_bryant@fakegmail.com,Denise Bryant,$2b$12$Dcm7ncpCt0PVR4HFux4hDetCNL3E3mQg9GKqJHR/Nz/O40HCgEJzu
59b99df4cfa9a34dcd78863d,victoria_sanders@fakegmail.com,Victoria Sanders,$2b$12$/2aikvro4gXgcp01Z8qIj.s2s53lpVcLQRbG/9VNbHa4i3ajo5dc.
59b99df4cfa9a34dcd78863e,taylor_scott@fakegmail.com,Taylor Scott,$2b$12$rIJO4MKGZFHKyPeU9X8hSOsCjL3Isa9Gv8rZ7rzM7kKA3XUd1PAlO
59b99df5cfa9a34dcd78863f,taylor_hill@fakegmail.com,Taylor Hill,$2b$12$5NRO3TpZti62ZN2rSlxYoOurfMQAUEQ4oIufrfAhcsSqGp4eKF4Gi
59b99df5cfa9a34dcd788640,melissa_jones@fakegmail.com,Melissa Jones,$2b$12$S6.mFqBn8QMRtyeJUJbRcOwkrgtjHyg7GkmxilnWvOzRtPar.d1K.
59b99df5cfa9a34dcd788641,christopher_robinson@fakegmail.com,Christopher Robinson,$2b$12$Bop6XQ2mLRjsMXPjKUEtcuIw9751lV.cKj/eXM1ZwSetsku3sa04W
59b99df6cfa9a34dcd788642,amy_ramirez@fakegmail.com,Amy Ramirez,$2b$12$LN9OzMA5sX3bQnMjkkWa.OjMrjif.LIbqx7YSf52FtQ9QcBlUS8ee
59b99df7cfa9a34dcd788643,phillip_collins@fakegmail.com,Phillip Collins,$2b$12$3XQmnWfaMh9bwJMXAdJLheLLiU7bCVATlDsdo4BREnIQFbfCxUOcK
59b99df7cfa9a34dcd788644,jerry_cabrera@fakegmail.com,Jerry Cabrera,$2b$12$HEimsC0UBidI9AYqPU4Mr.P8UZVO6zsZm2VUFVeuA467fdqp8WJDu
59b99df7cfa9a34dcd788645,ms._cathy_miller@fakegmail.com,Ms. Cathy Miller,$2b$12$wQ02A.LLpeLLEItcBZF2IOOSlds3VjdaXOI2XRt/ElyG2852ITbiW
59b99df8cfa9a34dcd788646,lisa_russo@fakegmail.com,Lisa Russo,$2b$12$pOdj440b9rps82eCfXzCiONHjBo9zowp62kNDdQSRVPMwGJmxAk0W
59b99df8cfa9a34dcd788647,thomas_morris@fakegmail.com,Thomas Morris,$2b$12$IfMqv/fVHb3KZtQxKtUXP.C.Uh9rNI9qKWB4eZ6d2YiEl5P3XnDk.
59b99df8cfa9a34dcd788648,elizabeth_wiggins@fakegmail.com,Elizabeth Wiggins,$2b$12$UGbyi1WBFHu9xqTYp2nxzuGtWaolgxyj/7r2kXjSltr7s8jzr8RFm
59b99df9cfa9a34dcd788649,nicholas_webster@fakegmail.com,Nicholas Webster,$2b$12$LLuOi5eMoy6hWIC61dolKu9/0bxRKsL0kwWfcJ8A0qr.SX/AR5aCi
59b99df9cfa9a34dcd78864a,teresa_thomas@fakegmail.com,Teresa Thomas,$2b$12$vQQlmv3ubYNZh8HfSXmu4.peazChIJo15UEnLpQz9O90nr8U/qlfS
59b99df9cfa9a34dcd78864b,catherine_romero@fakegmail.com,Catherine Romero,$2b$12$XVWuCkFmEypxLhpe6OnZdeZ2HcO/mD.q0bcDun5izEPMDCSTGW5AO
59b99dfacfa9a34dcd78864c,julia_nichols@fakegmail.com,Julia Nichols,$2b$12$HZbkbktkRTaV7LiwLxW3D.gDV5lQAy05Wumz981D7gwvSoAc9uJxq
59b99dfacfa9a34dcd78864d,heather_leonard@fakegmail.com,Heather Leonard,$2b$12$/mzEsE5kIBX1sWGWlp4GuOilNW.h5ZSIWVgYh.kbt3i0LG3BPY3hy
59b99dfbcfa9a34dcd78864e,melissa_young@fakegmail.com,Melissa Young,$2b$12$iei9pWuCZ6wF/TJhVJ1gE.k7dkc.0NiHgR6/lJCn4ANkaBkdKS/Wy
59b99dfbcfa9a34dcd78864f,john_rice@fakegmail.com,John Rice,$2b$12$Yg0bT/yCT5fX8xn.D4Fj3.slpd7tccYWKgRGghrLglX5Faz6Fb86G
59b99dfccfa9a34dcd788650,blake_sellers@fakegmail.com,Blake Sellers,$2b$12$g2u20yqqpzbNipA6lfIoBO3Cs9jM7jsWBhDheF1OsthHpLfEcD2Gm
59b99dfdcfa9a34dcd788651,theresa_holmes@fakegmail.com,Theresa Holmes,$2b$12$1b.0k6/Ox.r9CHmPYPIs2eH5FZolXLc5e9E4IyTJd3YkzAVTB1Dta
59b99dfdcfa9a34dcd788652,bradley_brooks@fakegmail.com,Bradley Brooks,$2b$12$YvZMPevRPXozhmujYwhFe.oTEHhdvHrJEviyXaXUjLsDr6tkHBoC.
59b99dfdcfa9a34dcd788653,thomas_green@fakegmail.com,Thomas Green,$2b$12$6u6dECDnaDoNehg1gU14KOcGAtmMnKcnsSv7U2W693xk/UTKF.of6
59b99dfecfa9a34dcd788654,jonathon_mccullough@fakegmail.com,Jonathon Mccullough,$2b$12$uZlaQmlnL501KsvPJSCJbO47tz9.8GB8Hl0Xu31xURToXMP8dWzOi
59b99dfecfa9a34dcd788655,jeffrey_roberts@fakegmail.com,Jeffrey Roberts,$2b$12$UrTFJ6Xnr043.QRwFVlqgudHC6GPSjejaldJw2/UFsR.dyPwj7cxK
59b99dfecfa9a34dcd788656,jose_hall@fakegmail.com,Jose Hall,$2b$12$ghmMMtvS1Wcmf9.UEF5ep.sAU5KS2.GUpgK41hiPh4EzyJYCy2P42
59b99e00cfa9a34dcd788657,jennifer_frazier@fakegmail.com,Jennifer Frazier,$2b$12$Xm1ktF5woIqEw5q00xCnZO.PwJDWi9VIrbbrMemqv5zzF1zJGN2AC
59b99e00cfa9a34dcd788658,jamie_santana@fakegmail.com,Jamie Santana,$2b$12$KhXBuPIzyxoqMjpTn4h4ku9Dky3bofFDVNrMD5T6Z2Dd1j1wWAGe2
59b99e01cfa9a34dcd788659,anthony_cline@fakegmail.com,Anthony Cline,$2b$12$JWTRRBJgXOv.peG2HDFHeORuwvOaZigFtxhUSDhbpPEFRRuhS19F2
59b99e01cfa9a34dcd78865a,donna_russell@fakegmail.com,Donna Russell,$2b$12$5PICbqGRxD2Mj5ljv0wQnu6d.a4mNPoma1GtMvYOHE.M7bz6vIu4e
59b99e02cfa9a34dcd78865b,blake_fitzgerald@fakegmail.com,Blake Fitzgerald,$2b$12$.ilQEC/iyR4FhnMA1PmzVe.kMkAbI7htSZJKquTjnaVFH.RDmsP32
59b99e02cfa9a34dcd78865c,mary_mitchell@fakegmail.com,Mary Mitchell,$2b$12$rT8TmryDDeU446M.g1vVCePtByl85Y/vZ/awAn3eOXCke.bKXHr9G
59b99e02cfa9a34dcd78865d,deborah_kennedy@fakegmail.com,Deborah Kennedy,$2b$12$lJL2fO48ZrLRhZTf1FBVv.eaaQQ6FSSUh/SwAqvRkcCgM1lZp4moG
59b99e02cfa9a34dcd78865e,lori_blankenship@fakegmail.com,Lori Blankenship,$2b$12$SQUa.3cIKcazfuUOpd9/huR.VeFAH.uR.ESvIMfbMW1YQjZx47Tw6
59b99e03cfa9a34dcd78865f,paul_bailey@fakegmail.com,Paul Bailey,$2b$12$m4x95MQ5iSqH.SmcxmBeOuiDYUi9iMcjT1VHXiwKBPHtQ9MNrKnru
59b99e03cfa9a34dcd788660,john_bishop@fakegmail.com,John Bishop,$2b$12$ifnm6ZFlRQaV4YFe2WcpKuyYfp2eW.42QECH7dkEoD0WeTFpQ8pCe
59b99e04cfa9a34dcd788661,nichole_miller@fakegmail.com,Nichole Miller,$2b$12$RwG1XZMs3MT/kfdH0L2EWOrfUkOuDkMl./KT.xld4Wyie9w87CM1a
59b99e04cfa9a34dcd788662,yolanda_owen@fakegmail.com,Yolanda Owen,$2b$12$lmpyYO8lCI.Y/J5AZF6/4u8XyEnCoZXsZzf7l9f7ECNbktqH2KZO.
59b99e04cfa9a34dcd788663,nicholas_johnson@fakegmail.com,Nicholas Johnson,$2b$12$hdzNySj4l/tZR4op5oQXb.FStH3u7ZHjmhhtrpQFIEe39NkBS6R1y
59b99e05cfa9a34dcd788664,desiree_pierce@fakegmail.com,Desiree Pierce,$2b$12$6ndntifLUo9dshFeTkyOEO.xskWXa1n2q5dcl9uOglKz3cd0vMeJm
59b99e06cfa9a34dcd788665,connie_barton@fakegmail.com,Connie Barton,$2b$12$dFHzE0VmGHX7K7Je4QWZ0ucv4XX7zup9FWvrF8NFUHlm4k2a4z2se
59b99e06cfa9a34dcd788666,patrick_knight@fakegmail.com,Patrick Knight,$2b$12$GrKhwH1qeeJNGcGLmjg9f.k7ruCRxGUbfm4z3mgzGkiXXZVvKGCwy
59b99e07cfa9a34dcd788667,eric_navarro@fakegmail.com,Eric Navarro,$2b$12$ULJ9tL7jh8yPXNDmCJi4C.mzkxzLfIQXakq3td9dJQs3io/Zg/AE2
59b99e07cfa9a34dcd788668,jordan_medina@fakegmail.com,Jordan Medina,$2b$12$QcSxfXU.jBizvmaU/zc33eIChz4lVAcQalzCupFBv3eGYEsVhJazW
59b99e08cfa9a34dcd788669,donna_smith@fakegmail.com,Donna Smith,$2b$12$LYIyq5Bsszh3/8efEYmJRuWDqhOeg8K5czQwSLxEBhOTyhOX34JEy
59b99e08cfa9a34dcd78866a,shawn_mccormick@fakegmail.com,Shawn Mccormick,$2b$12$fVJEFj7SXlqT0EmE9k00FuZLNH52NFSPriUqm8GGT6QQmuzrsMwUC
59b99e09cfa9a34dcd78866b,anthony_hurst@fakegmail.com,Anthony Hurst,$2b$12$9M2cew6pOM.35LY474rMkeVD4WxfvF2lDtVg60jZrlMdbaexrIfwK
59b99e09cfa9a34dcd78866c,ashlee_hart@fakegmail.com,Ashlee Hart,$2b$12$S707opDk6HG/Lqk7MaHeQ.1N36I6kEUOhRv/RQEHZUbw89xAuO6Ju
5db1c37e4a68c31f10cf0a98,magicz@cats.com,Magical Mr. Mistoffelees,somehashedpw
5db1c37e4a68c31f10cf0a9f,foobaz@bar.com,foo,foobar